asdf_id,map_pf_incidence_rate.2020.mean,map_pf_incidence_rate.2019.mean,map_pf_incidence_rate.2018.mean,map_pf_incidence_rate.2017.mean,gpm_precipitation_v07b_yearly_mean.2020.mean,gpm_precipitation_v07b_yearly_mean.2019.mean,gpm_precipitation_v07b_yearly_mean.2018.mean,gpm_precipitation_v07b_yearly_mean.2017.mean,cru_ts_407_tmp_yearly_mean.2020.mean,cru_ts_407_tmp_yearly_mean.2019.mean,cru_ts_407_tmp_yearly_mean.2018.mean,cru_ts_407_tmp_yearly_mean.2017.mean,Level,gqid,id,shapeGroup,shapeID,shapeName,shapeType
0,0.33643510937690735,0.3054327368736267,0.2756383717060089,0.23300042748451233,124.753915417,129.033419265,126.351774221,123.971844054,17.8500003815,18.075000445,17.8416671753,18.3583334287,ADM2,0,0,BDI,BDI-ADM2-21766830B92335244,Ryansoro,ADM2
1,0.34320356659419,0.31283462321021144,0.28716064509288586,0.23413206600244577,116.933945483,131.494313323,133.247274007,112.164828047,18.8583337466,19.0500003497,18.8333338102,19.3250002861,ADM2,1,1,BDI,BDI-ADM2-21766830B39191112,Ndava,ADM2
2,0.24577633097639623,0.214866904428705,0.19530121886394528,0.14634766186523349,131.633417066,140.943462069,135.727514333,133.159269984,18.8395837148,19.052083691,18.8312505086,19.3583335876,ADM2,2,2,BDI,BDI-ADM2-21766830B5235388,Buyengero,ADM2
3,0.19605583655128112,0.17397592624057756,0.17468763613373098,0.1475642112561491,135.94343616,139.234229218,141.248330134,121.879353972,21.8083337148,21.9833334287,21.8000005086,22.3583340645,ADM2,3,3,BDI,BDI-ADM2-21766830B26185073,Bugarama,ADM2
4,0.2519241789696211,0.22133604553535477,0.21227312612723873,0.16938054013444434,137.631911168,141.681206133,138.465166785,134.759273393,21.6680852041,21.8628328089,21.6572836955,22.2112959888,ADM2,4,4,BDI,BDI-ADM2-21766830B85878109,Rumonge,ADM2
5,0.22000213574392405,0.1931742310560233,0.18683166568144155,0.15001634450391163,131.959779529,141.039987861,138.291996997,129.645695596,20.8769611556,21.0637256578,20.8686279494,21.417157434,ADM2,5,5,BDI,BDI-ADM2-21766830B65582209,Burambi,ADM2
6,0.21114228780738598,0.19188439209038072,0.1752077398485813,0.1353897422033625,124.14442813,138.522123362,138.388864893,116.899991362,22.2500004768,22.441666762,22.2500004768,22.7666672071,ADM2,6,6,BDI,BDI-ADM2-21766830B26395123,Kanyosha1,ADM2
7,0.20298398398381784,0.18303846742331986,0.1751066081439471,0.14144159535465653,127.987824655,138.512243756,139.865817183,112.243917232,21.9345723303,22.1143357373,21.928620948,22.4750451576,ADM2,7,7,BDI,BDI-ADM2-21766830B92311938,Kabezi,ADM2
8,0.19775016585025584,0.17664675600174076,0.16915628632442178,0.13546779548031704,135.580665128,142.301447614,141.867542911,120.102836778,21.8083337148,21.9833334287,21.8000005086,22.3583340645,ADM2,8,8,BDI,BDI-ADM2-21766830B4178858,Muhuta,ADM2
9,0.19211576879024503,0.17197427153587344,0.15703444182872772,0.11747315526008606,123.824518589,142.967453823,138.857088711,123.181720778,19.5275095575,19.7281497553,19.5166110808,20.045454047,ADM2,9,9,BDI,BDI-ADM2-21766830B74515743,Mukike,ADM2
10,0.20126770961972248,0.18113439823312036,0.1654729283846181,0.1255393759085342,125.569953231,143.099901179,136.330066613,118.779961287,21.9556083599,22.1361655745,21.9500538776,22.494493549,ADM2,10,10,BDI,BDI-ADM2-21766830B84334123,Mutambu,ADM2
11,0.22047683732235088,0.1997559933585701,0.1788405007754127,0.13577012558475762,122.276567538,138.319026894,138.414908311,118.76590704,21.0434225619,21.2350889743,21.0359227463,21.5559188294,ADM2,11,11,BDI,BDI-ADM2-21766830B30797693,Nyabiraba,ADM2
12,0.22822875902809164,0.19829696326688445,0.18499235807053227,0.14145368454406218,136.112186703,135.323501298,134.422589501,136.101491762,18.7479390478,18.9729391559,18.7349411629,19.2632691354,ADM2,12,12,BDI,BDI-ADM2-21766830B76409492,Bururi,ADM2
13,0.25503546950350314,0.22626160239249346,0.21746888498175065,0.17574659814464183,149.486653597,146.652019645,134.621597231,142.704242684,21.0583337148,21.2833339373,21.0333336194,21.5916671753,ADM2,13,13,BDI,BDI-ADM2-21766830B24798856,Vugizo,ADM2
14,0.24387568121098924,0.21370504806875243,0.2036625610315262,0.16048757664374316,145.208124443,145.43956353,135.356344404,142.208301101,20.6570778716,20.8820780743,20.63416225,21.1872846115,ADM2,14,14,BDI,BDI-ADM2-21766830B67742393,Vyanda,ADM2
15,NA,NA,NA,NA,121.141234611,136.441203443,135.141362252,114.464668026,18.5703483304,18.7715351486,18.5501085015,19.048915048,ADM2,15,15,BDI,BDI-ADM2-21766830B52931689,Rusaka,ADM2
16,0.2383610159158707,0.20966775715351105,0.188997283577919,0.1451416313648224,122.51405178,137.727123547,135.344056739,125.950219768,18.2666670359,18.4864039049,18.2583338297,18.7793861148,ADM2,16,16,BDI,BDI-ADM2-21766830B95561341,Mugamba,ADM2
17,0.23570309310258206,0.20589636929507885,0.1839502588086635,0.1371767439170489,132.681543481,133.816104131,134.071735107,134.040317547,17.8500003815,18.075000445,17.8416671753,18.3583334287,ADM2,17,17,BDI,BDI-ADM2-21766830B13513290,Songa,ADM2
18,0.23005577100507837,0.20925237220214754,0.1841432855936411,0.1404223265830124,121.856017724,134.159959957,139.312083398,116.823876953,18.9959560417,19.1942864587,18.9767882886,19.4759528775,ADM2,18,18,BDI,BDI-ADM2-21766830B74746434,Mugongoman,ADM2
19,NA,NA,NA,NA,119.167972074,134.702317489,133.221410776,117.32055502,18.0181306998,18.2375727153,18.0070184696,18.51951624,ADM2,19,19,BDI,BDI-ADM2-21766830B8666646,Gisozi,ADM2
20,0.32251885533332825,0.28963881731033325,0.25413841009140015,0.2092398703098297,119.084410276,130.528230128,129.866312999,119.049098485,17.8500003815,18.075000445,17.8416671753,18.3583334287,ADM2,20,20,BDI,BDI-ADM2-21766830B1014283,Bisoro,ADM2
21,0.2386057703544168,0.2098270285796201,0.18891238856206788,0.14477856582374513,125.866406146,129.038005638,130.590272331,126.333025602,17.8500003815,18.075000445,17.8416671753,18.3583334287,ADM2,21,21,BDI,BDI-ADM2-21766830B83440596,Matana,ADM2
22,0.33269429604842016,0.2998130984769452,0.2628251179639167,0.21584320917939803,117.417340881,132.149626231,134.275515274,114.07077288,18.2167916037,18.4296662918,18.2023957098,18.7099680472,ADM2,22,22,BDI,BDI-ADM2-21766830B12302293,Kayokwe,ADM2
23,0.25236744038920017,0.23427995868017845,0.22028422895378288,0.18220560058894675,121.883680427,132.465205848,126.255814117,104.860441888,22.2500004768,22.441666762,22.2500004768,22.7666672071,ADM2,23,23,BDI,BDI-ADM2-21766830B84679194,Mpanda,ADM2
24,0.308367994610118,0.29423494947749634,0.28543454210979163,0.25629076461201444,145.828289717,154.45710208,151.02746557,138.957230012,19.9406753835,20.0969227077,19.926507691,20.4219228826,ADM2,24,24,BDI,BDI-ADM2-21766830B5786694,Murwi,ADM2
25,0.2736231011772573,0.2569739288599378,0.24358147858630677,0.20989705893240912,129.022626059,139.209319402,135.347092267,116.471711266,21.7064683163,21.8897982506,21.7031337505,22.2147986321,ADM2,25,25,BDI,BDI-ADM2-21766830B57251303,Bubanza,ADM2
26,0.37038068123557066,0.3426401672115365,0.3125844845982315,0.24514168966418007,120.483195185,125.820172045,130.449399161,112.426966898,18.8583337466,19.0500003497,18.8333338102,19.3250002861,ADM2,26,26,BDI,BDI-ADM2-21766830B7527489,Rango,ADM2
27,0.2745834482991492,0.25317311713731294,0.23001872133468906,0.18222536782100612,128.60559093,133.861109195,138.377549787,114.088830537,18.8583337466,19.0500003497,18.8333338102,19.3250002861,ADM2,27,27,BDI,BDI-ADM2-21766830B73200564,Bukeye,ADM2
28,0.26195167664187813,0.24012698462695228,0.2166049628339434,0.16829849418141363,125.000161992,134.189995087,142.505044516,114.685050184,18.8583337466,19.0500003497,18.8333338102,19.3250002861,ADM2,28,28,BDI,BDI-ADM2-21766830B14828393,Muramvya,ADM2
29,0.2317248217384173,0.2115532372588632,0.1872776275577179,0.14195008131717052,122.024592996,132.852429059,138.180314731,115.721268776,21.2325004767,21.4241668573,21.2250004959,21.73416715,ADM2,29,29,BDI,BDI-ADM2-21766830B86040923,Isale,ADM2
30,0.2383681111129246,0.22008490140868253,0.20051184785676335,0.15951399835820734,125.050023493,132.562567539,133.737404096,111.018700377,20.6846158545,20.8762822865,20.6730774225,21.178205574,ADM2,30,30,BDI,BDI-ADM2-21766830B14046636,Rugazi,ADM2
31,0.24405070845746696,0.22388474992034477,0.19854419244751184,0.15005976562567364,123.250053481,131.974942348,136.837379882,112.962407824,21.1194449001,21.3111112912,21.1111115879,21.6194449001,ADM2,31,31,BDI,BDI-ADM2-21766830B6994561,Mubimbi,ADM2
32,0.3496980755477008,0.3199407286395031,0.2919838304821707,0.23128561341304235,115.468143496,128.840453645,134.042529217,111.074522181,18.8583337466,19.0500003497,18.8333338102,19.3250002861,ADM2,32,32,BDI,BDI-ADM2-21766830B66484666,Rutegama,ADM2
33,0.31240911988736564,0.28624028885855285,0.25837494290320684,0.20300497483817714,121.205189936,133.196483419,138.57277889,112.940172007,18.8583337466,19.0500003497,18.8333338102,19.3250002861,ADM2,33,33,BDI,BDI-ADM2-21766830B43800508,Kiganda,ADM2
34,0.3464008853277998,0.31859500230296484,0.2905561860781946,0.22577088107426632,118.803152487,129.614157509,135.362188205,113.409445239,18.8583337466,19.0500003497,18.8333338102,19.3250002861,ADM2,34,34,BDI,BDI-ADM2-21766830B72698958,Mbuye,ADM2
35,0.3558181567516007,0.33379272923149356,0.3044653047532745,0.24697263011803233,137.023288474,140.807411617,138.057158219,125.091532168,19.2042461311,19.3875775429,19.1834139095,19.6542423676,ADM2,35,35,BDI,BDI-ADM2-21766830B29281943,Gahombo,ADM2
36,0.33476119668450716,0.3138978916976155,0.2831952884474539,0.2312540088817808,136.566723386,141.823494779,140.938432367,121.99178941,19.2042461311,19.3875775429,19.1834139095,19.6542423676,ADM2,36,36,BDI,BDI-ADM2-21766830B58282824,Gatara,ADM2
37,0.3356420836496371,0.3116183624801873,0.2789276346276007,0.22089771971437058,126.637099918,130.026441169,131.389342924,110.238836793,18.8583337466,19.0500003497,18.8333338102,19.3250002861,ADM2,37,37,BDI,BDI-ADM2-21766830B85305217,Butaganzwa,ADM2
38,0.30612083393540124,0.2886517923812588,0.2644770359808073,0.22684605479399073,143.72451109,152.913543637,149.98435573,136.98450592,19.4871477079,19.6636622527,19.4697240174,19.9235102753,ADM2,38,38,BDI,BDI-ADM2-21766830B1000147,Kayanza,ADM2
39,0.4370126472578566,0.4038060076995816,0.3803719145157609,0.30258679136193434,122.000095665,127.814857276,135.281448376,121.951809102,19.1361114835,19.3319447689,19.1041671295,19.5958336319,ADM2,39,39,BDI,BDI-ADM2-21766830B20814021,Bugendana,ADM2
40,0.34409865386280414,0.32280592919933954,0.31521449563765025,0.27560779086114245,142.165142342,144.431544575,135.709453324,142.584242225,20.6780706372,20.9241232788,20.6416671485,21.1442985284,ADM2,40,40,BDI,BDI-ADM2-21766830B57798267,Musongati,ADM2
41,0.29733037878433366,0.27695469501151315,0.27503600405378137,0.23889424061839684,135.283031817,133.740298404,132.275361089,135.992375433,19.2640354955,19.499561848,19.2416671482,19.7513159649,ADM2,41,41,BDI,BDI-ADM2-21766830B76901715,Rutana,ADM2
42,0.2818330522725799,0.2589021077898452,0.2565465152260768,0.218143592315408,131.317262598,128.335759798,129.494597772,128.51293589,19.5045879199,19.7309765333,19.4874610063,20.022177604,ADM2,42,42,BDI,BDI-ADM2-21766830B86178873,Gitanga,ADM2
43,0.2753195344703386,0.24796605368388117,0.2415091495951745,0.20145896010045544,137.207975665,133.902602933,130.412674087,134.161004945,21.0583337148,21.2833339373,21.0333336194,21.5916671753,ADM2,43,43,BDI,BDI-ADM2-21766830B18412909,Makamba,ADM2
44,0.2599337811888156,0.2376767564571113,0.23188554952735604,0.19648006932948725,131.572308248,130.575889277,130.506681445,132.920668341,18.1288304887,18.353830566,18.119048795,18.6393362739,ADM2,44,44,BDI,BDI-ADM2-21766830B8326959,Rutovu,ADM2
45,0.29653181552194974,0.2727855468949233,0.26130431724031256,0.2246743467600038,129.216472888,128.687859115,127.859754155,129.190966019,17.8500003815,18.075000445,17.8416671753,18.3583334287,ADM2,45,45,BDI,BDI-ADM2-21766830B38748530,Buraza,ADM2
46,0.34045019818389055,0.3062541672718673,0.2722427038547858,0.2288106921175542,118.984160763,128.732306765,128.614275599,121.889713386,17.8500003815,18.075000445,17.8416671753,18.3583334287,ADM2,46,46,BDI,BDI-ADM2-21766830B95633487,Nyanrusang,ADM2
47,0.3458429035875351,0.3137306235741413,0.2843511572429316,0.24085444000608322,124.164236418,129.184984204,126.630218807,125.602729528,17.8500003815,18.075000445,17.8416671753,18.3583334287,ADM2,47,47,BDI,BDI-ADM2-21766830B64780436,Gishubi,ADM2
48,0.35922985521176815,0.32512086316925737,0.29045401203068505,0.23673196732865953,117.322345014,130.157889892,132.605314976,115.473606761,18.6257369622,18.8250927443,18.6045816153,19.1020149021,ADM2,48,48,BDI,BDI-ADM2-21766830B71764603,Nyabihanga,ADM2
49,0.3983097364421563,0.36386307097415516,0.33689086130107737,0.27326327458712174,116.579246826,127.29266081,133.365846689,117.817050824,18.8583337466,19.0500003497,18.8333338102,19.3250002861,ADM2,49,49,BDI,BDI-ADM2-21766830B79331018,Giheta,ADM2
50,0.377841800797585,0.3506712364603489,0.3343006492785626,0.2897100088640529,142.096181873,155.096177126,133.179168335,137.495458245,20.5352939049,20.7769590164,20.4965667085,20.9985266574,ADM2,50,50,BDI,BDI-ADM2-21766830B90944361,Itaba,ADM2
51,0.3220266632859263,0.29607471871720276,0.27968394525621054,0.24074324348746692,131.824342629,130.725574043,127.417531534,129.571376006,18.5962966835,18.8268522884,18.5805560418,19.0935186481,ADM2,51,51,BDI,BDI-ADM2-21766830B71858074,Bukirasazi,ADM2
52,0.39471628352592003,0.36001981198133043,0.33313175818975393,0.2787261931881959,125.614052661,134.187884655,136.849103536,123.704746502,19.3491972536,19.557089356,19.3127916482,19.8088422578,ADM2,52,52,BDI,BDI-ADM2-21766830B57526872,Gitega,ADM2
53,0.3680074778368998,0.33621384681969424,0.3096813196790699,0.26280914501579183,129.133512885,135.133677641,129.244310198,128.819703869,18.9048205422,19.1298177119,18.8827949011,19.3905308582,ADM2,53,53,BDI,BDI-ADM2-21766830B45438526,Makebuko,ADM2
54,0.4290115585351025,0.4039943286876833,0.39732290303564916,0.3419713116907711,138.894820721,148.423668952,140.937352468,140.96400266,21.0218977616,21.2628033319,20.9734103268,21.471136593,ADM2,54,54,BDI,BDI-ADM2-21766830B27977615,Butaganzwa,ADM2
55,0.3409694820169874,0.32371977328694546,0.326834096212151,0.2932928741000362,140.058848251,138.690907319,134.215263185,143.784548021,21.2083338102,21.4583338102,21.1666671435,21.6666669846,ADM2,55,55,BDI,BDI-ADM2-21766830B946017,Mpinga-Kay,ADM2
56,0.41647917096730974,0.3957245885465634,0.39851010263947645,0.35421770254350154,137.676730699,140.189782355,135.581948782,147.030446801,21.0801531937,21.3239004887,21.0337970355,21.5322337227,ADM2,56,56,BDI,BDI-ADM2-21766830B42216631,Nyabitsind,ADM2
57,0.4481727349555455,0.42497298243773685,0.4243548766304978,0.3642507024577294,141.345505621,142.907906503,137.738878979,144.98143546,20.6388385268,20.8610583046,20.576336859,21.0693917439,ADM2,57,57,BDI,BDI-ADM2-21766830B44526274,Ruyigi,ADM2
58,0.48919118610273093,0.46396564521241557,0.44367972426000957,0.3573366317338766,138.142341683,138.533901969,147.528174828,138.391740213,20.268590026,20.481410556,20.2083338138,20.7000004242,ADM2,58,58,BDI,BDI-ADM2-21766830B77313969,Shombo,ADM2
59,0.47069050026428194,0.4453442159007639,0.43789232181307797,0.3643295317694013,138.317442491,137.70442085,144.980857925,140.133274505,20.5250002543,20.7416669528,20.4583338102,20.950000445,ADM2,59,59,BDI,BDI-ADM2-21766830B30669572,Butezi,ADM2
60,0.4911959987972796,0.46908672511654154,0.45684545175562286,0.370205708778091,145.170340796,131.686041107,145.06356392,137.792233453,20.5250002543,20.7416669528,20.4583338102,20.950000445,ADM2,60,60,BDI,BDI-ADM2-21766830B73459677,Nyabikere,ADM2
61,0.4509889592382206,0.4289784938811125,0.4356209977385599,0.373860967110745,135.643996247,136.349614034,129.527640982,137.236066678,20.5621214783,20.7791669661,20.4950762304,20.9852277224,ADM2,61,61,BDI,BDI-ADM2-21766830B40014086,Bweru,ADM2
62,0.5027560426317927,0.48812735172825616,0.4824636682657817,0.40144006409415556,149.761911531,148.171561475,142.857219359,139.504798036,20.8250460703,21.0194869683,20.7639360498,21.2278206725,ADM2,62,62,BDI,BDI-ADM2-21766830B12116853,Gitaramuka,ADM2
63,0.3945099506445302,0.37553491245113785,0.37005579003948247,0.31043888061874914,158.201637475,154.276306122,150.985187501,148.17934158,19.5500003497,19.7250003815,19.5333339373,19.9833339055,ADM2,63,63,BDI,BDI-ADM2-21766830B50292947,Gashikanwa,ADM2
64,0.42668323723512414,0.3960592643289767,0.3690728843839612,0.2894547555422043,121.038461521,124.656047036,130.171865321,117.490477896,18.8583337466,19.0500003497,18.8333338102,19.3250002861,ADM2,64,64,BDI,BDI-ADM2-21766830B8428246,Mutaho,ADM2
65,0.4174046993624444,0.39004415968358286,0.3579674183580939,0.28329222893097694,125.336052237,125.626141621,128.755828054,115.496342705,18.9212386746,19.1113895048,18.8969966463,19.3848736828,ADM2,65,65,BDI,BDI-ADM2-21766830B73166665,Muhanga,ADM2
66,0.38239743542337495,0.36132960381165086,0.3465036929167141,0.2890226827350664,149.147009463,148.641607901,143.049157372,140.918798395,19.4117176352,19.5900497618,19.3933851277,19.851715349,ADM2,66,66,BDI,BDI-ADM2-21766830B52204066,Ngozi,ADM2
67,0.4967659464055424,0.4758806235172045,0.4671834081735693,0.3743249738434942,146.462375575,141.053458446,141.475621219,134.711305695,20.3448099643,20.5562674955,20.2838727435,20.772934075,ADM2,67,67,BDI,BDI-ADM2-21766830B91243165,Bugenyuzi,ADM2
68,0.47118884801438043,0.44251904620432647,0.4249123595759653,0.33492147657145477,134.341363172,135.149071545,136.769097408,125.331647507,19.5446081867,19.7465689466,19.502451453,19.9941179944,ADM2,68,68,BDI,BDI-ADM2-21766830B15375912,Gihogazi,ADM2
69,0.4551410449594898,0.4293803814872768,0.4164645435517515,0.3373517323125239,142.765943323,139.031266646,139.772054968,130.549805922,19.5268845005,19.7131919325,19.4971230385,19.9679515076,ADM2,69,69,BDI,BDI-ADM2-21766830B16297131,Ruhororo,ADM2
70,0.46770873488236153,0.4478191218424248,0.44619716819494176,0.3758900341707988,153.682418282,152.687353534,151.118600749,144.668278525,20.6397062527,20.8210786147,20.5911770953,21.0411770635,ADM2,70,70,BDI,BDI-ADM2-21766830B33312668,Tangara,ADM2
71,0.44219704693199513,0.43139051579593646,0.42652564002196414,0.39267821798242614,155.911810806,159.941178961,157.823567114,149.980411133,20.9750003815,21.1583334605,20.9166673024,21.3666672707,ADM2,71,71,BDI,BDI-ADM2-21766830B915562,Vumbi,ADM2
72,0.4396659741989765,0.4229109712109709,0.42089783609317744,0.36585106218210656,158.33183735,158.181450373,155.946965876,150.353982174,20.5000003709,20.6805557675,20.4555561807,20.905556149,ADM2,72,72,BDI,BDI-ADM2-21766830B20162360,Kiremba,ADM2
73,0.4257209889848488,0.4189218161372343,0.41254248822537953,0.39755616556443985,156.529053683,160.430394125,161.672626527,151.618752921,21.0236248811,21.2000117103,20.9606607922,21.4037145106,ADM2,73,73,BDI,BDI-ADM2-21766830B35024785,Kirundo,ADM2
74,0.4365689493388688,0.4166504409817611,0.4385699146278253,0.39024294520222613,132.564266245,141.467752687,125.959180032,128.604969008,20.9201616804,21.1408606524,20.8494628088,21.3250005032,ADM2,74,74,BDI,BDI-ADM2-21766830B79910978,Cankuzo,ADM2
75,0.4915126932262527,0.4714796750808413,0.460410854814413,0.37312980233655146,138.367538103,129.713578793,133.253469264,130.956474267,20.5250002543,20.7416669528,20.4583338102,20.950000445,ADM2,75,75,BDI,BDI-ADM2-21766830B46588739,Mutumba,ADM2
76,0.5144858456543155,0.5022176136407966,0.49086960164519416,0.3945775968056776,147.067989996,136.906038381,130.633938269,129.041617162,20.592526516,20.8041912276,20.5271105626,21.0125247676,ADM2,76,76,BDI,BDI-ADM2-21766830B68127866,Buhiga,ADM2
77,0.50191224244428,0.48732925409588346,0.4783770134887644,0.3918065539058881,136.813666387,138.203578345,121.966113024,121.395260881,20.5250002543,20.7416669528,20.4583338102,20.950000445,ADM2,77,77,BDI,BDI-ADM2-21766830B76632773,Mwakiro,ADM2
78,0.49550309725328,0.48479480186789276,0.473199295048065,0.4075459458139477,148.260900738,152.722865598,146.994664034,140.146804454,20.9750003815,21.1583334605,20.9166673024,21.3666672707,ADM2,78,78,BDI,BDI-ADM2-21766830B90213241,Gasorwe,ADM2
79,0.4764150174534612,0.465242555306826,0.4627551377049644,0.4141015501213335,151.030747295,156.693205852,153.527544714,145.263831146,20.9750003815,21.1583334605,20.9166673024,21.3666672707,ADM2,79,79,BDI,BDI-ADM2-21766830B95484010,Gashoho,ADM2
80,0.4709242124765938,0.46611811673978076,0.46024101163959874,0.43057940547275864,158.092132654,159.729873076,155.719059806,148.600112533,20.9750003815,21.1583334605,20.9166673024,21.3666672707,ADM2,80,80,BDI,BDI-ADM2-21766830B91595976,Gitobe,ADM2
81,0.4766107526463223,0.4784109206970788,0.4535780318566399,0.4164361523010943,160.101053935,158.873663882,155.086015253,146.090894304,21.0297022185,21.20522087,20.9661593224,21.4083448631,ADM2,81,81,BDI,BDI-ADM2-21766830B77689302,Bwambarang,ADM2
82,0.40829360402901976,0.39931671103547617,0.38468955036227975,0.3616904505865393,152.65836583,158.55556017,160.25513127,147.267396437,20.1200664754,20.2945747247,20.0823211045,20.5293788774,ADM2,82,82,BDI,BDI-ADM2-21766830B37309285,Ntega,ADM2
83,0.38612082286295313,0.3778077788941502,0.37354578760162627,0.33963096724169445,155.084654251,156.101679707,159.519775579,147.531048369,20.0589289243,20.2369050444,20.0273815598,20.4773815281,ADM2,83,83,BDI,BDI-ADM2-21766830B27351477,Marangara,ADM2
84,0.3868210281246088,0.37126408170411385,0.36627893576528725,0.3152649117969981,157.990009719,155.950384219,153.178246049,150.712674126,19.5500003497,19.7250003815,19.5333339373,19.9833339055,ADM2,84,84,BDI,BDI-ADM2-21766830B40029838,Nyamurenza,ADM2
85,0.3285838045388878,0.31604468407077024,0.3088312064208947,0.2687213155329073,153.549089847,155.221232558,153.491803843,148.999814496,19.5500003497,19.7250003815,19.5333339373,19.9833339055,ADM2,85,85,BDI,BDI-ADM2-21766830B67491072,Mwumba,ADM2
86,0.3010374589495176,0.29028892137115764,0.2767764199711642,0.24547822549711112,148.701485576,155.104510901,152.089656518,143.903061776,19.5500003497,19.7250003815,19.5333339373,19.9833339055,ADM2,86,86,BDI,BDI-ADM2-21766830B46773489,Busiga,ADM2
87,0.2572510276198075,0.24757734534457046,0.23545474372664887,0.21605272573455636,147.308064896,154.136346155,151.469678971,139.358581176,19.5437503856,19.7093753222,19.527083854,19.9927088219,ADM2,87,87,BDI,BDI-ADM2-21766830B25540104,Kabarore,ADM2
88,0.2854555328241064,0.2724942188113565,0.2569543906420026,0.2280695606587852,153.777991377,160.83962581,158.651368292,145.898434975,19.5333337784,19.6833335559,19.5166670481,20.008333683,ADM2,88,88,BDI,BDI-ADM2-21766830B15723812,Bukinanyan,ADM2
89,0.31784014019128987,0.30749231494766666,0.29214428512087165,0.2583988391725356,154.937070271,164.257828562,163.6069178,149.722982503,19.5333337784,19.6833335559,19.5166670481,20.008333683,ADM2,89,89,BDI,BDI-ADM2-21766830B85157604,Mabayi,ADM2
90,0.35570173218828943,0.3456452553283397,0.3157671127575882,0.26509739450924463,145.202206611,156.76255158,151.344039609,135.297907157,19.5333337784,19.6833335559,19.5166670481,20.008333683,ADM2,90,90,BDI,BDI-ADM2-21766830B79190585,Mugina,ADM2
91,0.3339959014846365,0.3233794801729768,0.31916516420208574,0.28924301634944,142.095297969,147.647715332,144.561991568,128.457280384,19.5333337784,19.6833335559,19.5166670481,20.008333683,ADM2,91,91,BDI,BDI-ADM2-21766830B45833014,Rugombo,ADM2
92,0.27660297363564895,0.2635149970877067,0.266263220569516,0.2445736076722395,135.733995049,144.316943244,139.005389618,119.096033523,20.6516603058,20.818812265,20.6418545006,21.1438125231,ADM2,92,92,BDI,BDI-ADM2-21766830B78758564,Buganda,ADM2
93,0.22122385251021848,0.20729646977372143,0.21349422154456768,0.1929983792264566,122.406729475,127.923933085,126.585590377,105.562610196,22.2500004768,22.441666762,22.2500004768,22.7666672071,ADM2,93,93,BDI,BDI-ADM2-21766830B51461784,Gihanga,ADM2
94,0.2103050598543784,0.1943205237056024,0.19356418124104977,0.167898400296852,127.3801904,132.159382254,132.643897626,112.429197591,22.2500004768,22.441666762,22.2500004768,22.7666672071,ADM2,94,94,BDI,BDI-ADM2-21766830B71597893,Mutimbuzi,ADM2
95,0.28231094605001533,0.25380494247276997,0.24911033810804273,0.20673075078252431,154.975073952,150.165203739,141.624976677,144.616780085,21.0583337148,21.2833339373,21.0333336194,21.5916671753,ADM2,95,95,BDI,BDI-ADM2-21766830B49843833,Nyanza-Lac,ADM2
96,0.2717443300106141,0.2451180138750995,0.23968506086288985,0.2046532802443245,147.438386365,138.168741023,136.531782985,141.294428818,21.0583337148,21.2833339373,21.0333336194,21.5916671753,ADM2,96,96,BDI,BDI-ADM2-21766830B53647958,Mabanda,ADM2
97,0.34996104911422143,0.3372564570381856,0.3502495453411328,0.32277468695003503,141.591391392,135.073592717,135.223705731,145.561884274,21.2740114197,21.524011447,21.2330586567,21.7337723878,ADM2,97,97,BDI,BDI-ADM2-21766830B75948894,Giharo,ADM2
98,0.38064352823139963,0.3661226563796277,0.38033901530678815,0.3535091778516509,133.671593249,133.3099283,134.272257839,145.895526484,21.174149804,21.4224822936,21.1312325145,21.6308154839,ADM2,98,98,BDI,BDI-ADM2-21766830B3753634,Kinyinya,ADM2
99,0.36664552287824015,0.35344339118419665,0.3733018436773981,0.3479029039098583,140.719651137,141.853681252,130.237061622,137.840981522,21.0637557156,21.291913859,20.999385157,21.4778314455,ADM2,99,99,BDI,BDI-ADM2-21766830B24094238,Gisuru,ADM2
100,0.36265680009145024,0.3505983909869014,0.3880526778996543,0.3698079330231237,136.830419152,143.611996347,131.448099513,127.786804087,21.3416671753,21.5666672389,21.2666670481,21.7250005404,ADM2,100,100,BDI,BDI-ADM2-21766830B24049508,Cendajuru,ADM2
101,0.32667838135236,0.31925248113643817,0.3588536311820595,0.354272531826315,130.719123177,136.084662558,131.960598242,121.111846979,21.3416671753,21.5666672389,21.2666670481,21.7250005404,ADM2,101,101,BDI,BDI-ADM2-21766830B93592542,Gisagara,ADM2
102,0.36196538912519705,0.3579787110741114,0.40375379444489234,0.39119322786667976,132.504314864,138.594861592,123.263382566,116.481530238,21.350728354,21.5684794539,21.2666670136,21.7250005404,ADM2,102,102,BDI,BDI-ADM2-21766830B17538248,Mishiha,ADM2
103,0.43057407740322673,0.4173020616237582,0.4430990531748728,0.4002450167421714,131.556592384,138.571929068,125.342550209,119.663484146,21.0549344567,21.2657156379,20.9742942441,21.4426748917,ADM2,103,103,BDI,BDI-ADM2-21766830B87604752,Kigamba,ADM2
104,0.48742028538641896,0.4760458715544799,0.4695890210192969,0.3992647087839703,140.600919145,142.78062604,129.367170107,122.917574225,20.8092587437,21.004869083,20.7478563643,21.2132027761,ADM2,104,104,BDI,BDI-ADM2-21766830B91537213,Buhinyuza,ADM2
105,0.45580795683585623,0.45459678742168025,0.43867560587102644,0.38753036848012407,145.269519361,144.827372087,136.886758484,133.132110889,21.0076670444,21.191666818,20.9446672683,21.3953339312,ADM2,105,105,BDI,BDI-ADM2-21766830B25636332,Muyinga,ADM2
106,0.4802915137253527,0.4771557314434256,0.45946468300834126,0.4140349584411284,151.046748067,151.828056526,144.709718034,140.172132167,20.9750003815,21.1583334605,20.9166673024,21.3666672707,ADM2,106,106,BDI,BDI-ADM2-21766830B73293822,Butihinda,ADM2
107,0.3803376870636015,0.38819796675472645,0.37409336747091854,0.34571939877365426,147.840722224,145.212106233,142.296046527,134.550221437,21.0623408402,21.2300049392,20.9866724314,21.4220035377,ADM2,107,107,BDI,BDI-ADM2-21766830B5658613,Giteranyi,ADM2
108,0.42797810670402503,0.42878089410123066,0.4227707580936152,0.4061553283232508,158.552266171,155.754255114,159.154343717,147.783183797,21.0916818857,21.2583464358,21.0222360301,21.4555674694,ADM2,108,108,BDI,BDI-ADM2-21766830B62340855,Busoni,ADM2
109,0.38126051171189923,0.3784243263011581,0.36731857225129844,0.3471200305479513,144.236070785,147.303499377,153.907021359,138.198041424,20.4838533167,20.6411433751,20.4223938914,20.8520800198,ADM2,109,109,BDI,BDI-ADM2-21766830B92323785,Bugabira,ADM2
110,0.3269995946860608,0.3037962219930994,0.30446185183524355,0.264073217977702,134.921488118,135.368359977,128.319757417,130.641394798,21.6148812408,21.8550600928,21.5848217953,22.1127979958,ADM2,110,110,BDI,BDI-ADM2-21766830B37875724,Kayogoro,ADM2
111,0.3218555728387495,0.30440874573233373,0.3073196405257334,0.269737572698495,137.269546376,140.504301925,132.265143975,136.217479308,21.3799441319,21.6243890587,21.3470731887,21.8618854608,ADM2,111,111,BDI,BDI-ADM2-21766830B41049517,Bukemba,ADM2
112,0.29142222730259865,0.27083054834093284,0.24428935939196442,0.19884225242162282,130.314825114,133.722203698,132.580212954,111.209821173,18.8583337466,19.0500003497,18.8333338102,19.3250002861,ADM2,112,112,BDI,BDI-ADM2-21766830B35997127,Matongo,ADM2
113,0.2620473690255129,0.24566816462407418,0.22411347880332022,0.19126671633371253,141.142088928,150.709703047,148.459723978,134.655778133,19.3757539646,19.5528356175,19.3570048593,19.820890501,ADM2,113,113,BDI,BDI-ADM2-21766830B78975026,Muruta,ADM2
114,0.2620190809156506,0.24517285908306377,0.22462243092314918,0.18764137061894867,135.427677875,145.625597127,141.417361587,120.136116842,20.4864934612,20.6639893447,20.4748258988,20.9723229005,ADM2,114,114,BDI,BDI-ADM2-21766830B41607232,Musigati,ADM2
115,0.1972965475991679,0.17937237842437292,0.17120960606922364,0.1390179105171494,129.212785682,140.680821477,137.893607159,113.638357046,22.2500004768,22.441666762,22.2500004768,22.7666672071,ADM2,115,115,BDI,BDI-ADM2-21766830B6481506,Muha,ADM2
116,0.18729306548790484,0.17079888857201755,0.16020366939834388,0.12773617011347066,129.560031344,137.319993027,137.079992037,118.639998504,22.2500004768,22.441666762,22.2500004768,22.7666672071,ADM2,116,116,BDI,BDI-ADM2-21766830B90640794,Mukaza,ADM2
117,0.20489580940765756,0.18803703558556403,0.17671715871461546,0.14226753324114705,129.641025641,136.948717949,137.025641026,118.461538462,22.2500004768,22.441666762,22.2500004768,22.7666672071,ADM2,117,117,BDI,BDI-ADM2-21766830B40159504,Ntahangwa,ADM2
118,0.29149827808634504,0.26472627586717645,0.26220358303252683,0.22916799942212412,135.052844908,130.40539545,127.647545216,132.026544005,21.1065793176,21.3328953346,21.0811406409,21.6368425995,ADM2,118,118,BDI,BDI-ADM2-21766830B92281909,Kibago,ADM2
